Term,Definitions
Mercury,
Venus,
Earth,
Earth I (Moon),"Every civilization has had a name for the satellite of Earth that is known, in English, as the Moon. The Moon is known as Luna in Italian, Latin, and Spanish, as Lune in French, as Mond in German, and as Selene in Greek."
Mars,
Mars I (Phobos),"Inner satellite of Mars. Named for one of the horses that drew Mars' chariot; also called an ""attendant"" or ""son"" of Mars, according to chapter 15, line 119 of Homer's ""Iliad."" This Greek word means ""flight."""
Mars II (Deimos),"This outer Martian satellite was named for one of the horses that drew Mars' chariot; also called an ""attendant"" or ""son"" of Mars, according to chapter 15, line 119 of Homer's ""Iliad."" Deimos means ""fear"" in Greek."
(433) Eros,Named for the Greek god of love.
(951) Gaspra,Named for a resort on the Crimean Peninsula.
(243) Ida,"Named for a nymph who raised the infant Zeus. Ida is also the name of a mountain on the island of Crete, the location of the cave where Zeus was reared."
(243) Ida I (Dactyl),"Named for a group of mythological beings who lived on Mount Ida, where the infant Zeus was hidden and raised (according to some accounts) by the nymph Ida."
(253) Mathilde,The name was suggested by a staff member of the Paris Observatory who first computed an orbit for Mathilde. The name is thought to honor the wife of the vice director of the Paris Observatory at that time.
(22) Kalliope I (Linus),"Satellite of (22) Kalliope. In various accounts of Greek mythology, Linus is considered to be the son of the Muse Kalliope and the inventor of melody and rhythm."
(45) Eugenia I (Petit-Prince),"Satellite of (45) Eugenia. The Little Prince, Napolean-Eugene-Louis-Jean-Joseph Bonaparte (1856-1879), was the son of Eugenia de Montijo de Guzm\'an and Napoleon III."
Jupiter,
Jupiter I (Io),"Io, the daughter of Inachus, was changed by Jupiter into a cow to protect her from Hera's jealous wrath. But Hera recognized Io and sent a gadfly to torment her. Io, maddened by the fly, wandered throughout the Mediterranean region."
Jupiter II (Europa),"Beautiful daughter of Agenor, king of Tyre, she was seduced by Jupiter, who had assumed the shape of a white bull. When Europa climbed on his back he swam with her to Crete, where she bore several children, including Minos."
Jupiter III (Ganymede),Beautiful young boy who was carried to Olympus by Jupiter disguised as an eagle. Ganymede then became the cupbearer of the Olympian gods.
Jupiter IV (Callisto),"Beautiful daughter of Lycaon, she was seduced by Jupiter, who changed her into a bear to protect her from Hera's jealousy."
Jupiter V (Amalthea),A naiad who nursed the new-born Jupiter. She had as a favorite animal a goat which is said by some authors to have nourished Jupiter. The name was suggested by Flammarion.
Jupiter VI (Himalia),A Rhodian nymph who bore three sons of Zeus.
Jupiter VII (Elara),"Daughter of King Orchomenus, a paramour of Zeus, and by him the mother of the giant Tityus."
Jupiter VIII (Pasiphae),"Wife of Minos, king of Crete. Zeus made approaches to her as a bull (taurus). She then gave birth to the Minotaur. (Spelling changed from PasiphaÃ« to Pasiphae July 2009.)"
Jupiter IX (Sinope),"Daughter of the river god Asopus. Zeus desired to make love to her. Instead of this he granted perpetual virginity, after he had been deceived by his own promises. (In the same way, she also fooled Apollo.)"
Jupiter X (Lysithea),"Daughter of Kadmos, also named Semele, mother of Dionysos by Zeus. According to others, she was the daughter of Evenus and mother of Helenus by Jupiter."
Jupiter XI (Carme),"A nymph and attendant of Artemis; mother, by Zeus, of Britomartis."
Jupiter XII (Ananke),"Goddess of fate and necessity, mother of Adrastea by Zeus."
Jupiter XIII (Leda),"Seduced by Zeus in the form of a swan, she was the mother of Pollux and Helen."
Jupiter XIV (Thebe),"An Egyptian king's daughter, granddaughter of Io, mother of Aigyptos by Zeus. The Egyptian city of Thebes was named after her."
Jupiter XV (Adrastea),A nymph of Crete to whose care Rhea entrusted the infant Zeus.
Jupiter XVI (Metis),First wife of Zeus. He swallowed her when she became pregnant; Athena was subsequently born from the forehead of Zeus.
Jupiter XVII (Callirrhoe),Daughter of the river god Achelous and stepdaughter of Zeus.
Jupiter XVIII (Themisto),"Daughter of the Arcadian river god Inachus, mother of Ister by Zeus."
Jupiter XIX (Megaclite),"Daughter of Macareus, who with Zeus gave birth to Thebe and Locrus."
Jupiter XX (Taygete),"Daughter of Atlas, one of the Pleiades, mother of Lakedaimon by Zeus."
Jupiter XXI (Chaldene),Bore the son Solymos with Zeus.
Jupiter XXII (Harpalyke),"Daughter and wife of Clymenus. In revenge for this incestuous relationship, she killed the son she bore him, cooked the corpse, and served it to Clymenus. She was transformed into the night bird called Chalkis, and Clymenus hanged himself. Some say that she was transformed into that bird because she had intercourse with Zeus."
Jupiter XXIII (Kalyke),Nymph who bore the handsome son Endymion with Zeus.
Jupiter XXIV (Iocaste),"Wife of Laius, King of Thebes, and mother of Oedipus. After Laius was killed, Iocaste unknowingly married her own son Oedipus. When she learned that her husband was her son, she killed herself. Some say she was the mother of Agamedes by Zeus."
Jupiter XXV (Erinome),"Daughter of Celes, compelled by Venus to fall in love with Jupiter."
Jupiter XXVI (Isonoe),"A Danaid, bore with Zeus the son Orchomenos."
Jupiter XXVII (Praxidike),"Goddess of punishment, mother of Klesios by Zeus."
Jupiter XXVIII (Autonoe),Mother of the Graces by Zeus according to some authors.
Jupiter XXIX (Thyone),"Semele, mother of Dionysos by Zeus. She received the name of Thyone in Hades by Dionysos before he ascended up with her from there to heaven."
Jupiter XXX (Hermippe),Consort of Zeus and mother of Orchomenos by him.
Jupiter XXXI (Aitne),"A Sicilian nymph, conquest of Zeus."
Jupiter XXXII (Eurydome),"Mother of the Graces by Zeus, according to some authors. (Source: Cornutus: Theologiae Graecae compendium 15)"
Jupiter XXXIII (Euanthe),"The mother of the Graces by Zeus, according to some authors."
Jupiter XXXIV (Euporie),"One of the Horae, a daughter of Zeus and Themis."
Jupiter XXXV (Orthosie),"One of the Horae, a daughter of Zeus and Themis."
Jupiter XXXVI (Sponde),"One of the Horae (Seasons), daughter of Zeus."
Jupiter XXXVII (Kale),"One of the Graces, a daughter of Zeus, husband of Hephaistos."
Jupiter XXXVIII (Pasithee),"One of the Graces, a daughter of Zeus."
Jupiter XXXIX (Hegemone),"One of the Graces, a daughter of Zeus."
Jupiter XL (Mneme),"One of the Muses, a daughter of Zeus."
Jupiter XLI (Aoede),"One of the Muses, a daughter of Zeus."
Jupiter XLII (Thelxinoe),"One of the Muses, a daughter of Zeus."
Jupiter XLIII (Arche),"One of the Muses, a daughter of Zeus."
Jupiter XLIV (Kallichore),"One of the Muses, a daughter of Zeus."
Jupiter XLV (Helike),"One of the Muses, a daughter of Zeus."
Jupiter XLVI (Carpo),"One of the Horae, a daughter of Zeus."
Jupiter XLVII (Eukelade),"One of the Muses, a daughter of Zeus."
Jupiter XLVIII (Cyllene),"Daughter of Zeus, a nymph."
Jupiter XLIX (Kore),"Daughter of Zeus and Demeter, also known as Persephone."
Jupiter L (Herse),Daughter of Zeus and divine moon (Selene).
Jupiter LI (unnamed),
Jupiter LII (unnamed),
Jupiter LIII (Dia),"Greek meaning ""She who belongs to Zeus"". Dia is the daughter of Eioneus known as the divine daughter of the seashore. Zeus, disguised as a stallion, seduced Dia, who then gave birth to Peirithous."
Jupiter LVII (Eirene),"Daughter of Zeus and Themis, goddess of peace."
Jupiter LVIII (Philophrosyne),"Granddaughter of Zeus, daughter of Hephaestus and Aglaia, and sister of Eupheme."
Jupiter LX (Eupheme),"Granddaughter of Zeus, daughter of Hephaestus and Aglaia, and sister of Philophrosyne."
Jupiter LXII (Valetudo),Great-granddaughter of Jupiter. Roman name for Greek Hygeia. She is the goddess of health and hygiene.
Jupiter LXV (Pandia),"Daughter of Zeus and the Moon goddess Selene, goddess of the full moon, and sister of Ersa."
Jupiter LXXI (Ersa),"Daughter of Zeus and the Moon goddess Selene, goddess of the dew, and sister of Pandia."
Saturn,
Saturn I (Mimas),Named by Herschel's son John in the early 19th century for a Giant felled by Hephaestus (or Ares) in the war between the Titans and Olympian gods.
Saturn II (Enceladus),Named by Herschel's son John for the Giant Enceladus. Enceladus was crushed by Athene in the battle between the Olympian gods and the Titans. Earth piled on top of him became the island of Sicily.
Saturn III (Tethys),"Cassini wished to name Tethys and the other three satellites that he discovered (Dione, Rhea, and Iapetus) for Louis XIV. However, the names used today for these satellites were applied in the early 19th century by John Herschel, who named them for Titans and Titanesses, brothers and sisters of Saturn. Tethys was the wife of Oceanus and mother of all rivers and Oceanids."
Saturn IV (Dione),Dione was the sister of Cronos and mother (by Zeus) of Aphrodite.
Saturn V (Rhea),"A Titaness, mother of Zeus by Kronos."
Saturn VI (Titan),"Named by Huygens, who first called it ""Luna Saturni."" In Greek Mythology, a Giant, and one of two generations of immortal giants (Titans) of incredible strength and stamina who were overthrown by a race of younger gods, the Olympians."
Saturn VII (Hyperion),Named by Lassell for one of the Titans.
Saturn VIII (Iapetus),Named by John Herschel for one of the Titans.
Saturn IX (Phoebe),Named by Pickering for one of the Titanesses.
Saturn X (Janus),"First reported (though with an incorrect orbital period) and named by A. Dollfus from observations in Dec. 1966, this satellite was finally confirmed in 1980. It was proven to have a twin, Epimetheus, sharing the same orbit but never actually meeting. It is named for the Roman god of the beginning. The two-faced god could look forward and backward at the same time."
Saturn XI (Epimetheus),"First suspected by J. Fountain and S. Larson as confusing the detection of Janus. They assigned the correct orbital period, and the satellite was finally confirmed in 1980. Named for the son of the Titan Iapetus. In contrast with his far-sighted brother Prometheus, he ""subsequently realized"" that he was in the wrong."
Saturn XII (Helene),"A granddaughter of Kronos, for her beauty she triggered off the Trojan War."
Saturn XIII (Telesto),Daughter of the Titans Oceanus and Tethys.
Saturn XIV (Calypso),Daughter of the Titans Oceanus and Tethys and paramour of Odysseus.
Saturn XV (Atlas),A Titan; he held the heavens on his shoulders.
Saturn XVI (Prometheus),"Son of the Titan Iapetus, brother of Atlas and Epimetheus, he gave many gifts to humanity, including fire."
Saturn XVII (Pandora),Made of clay by Hephaestus at the request of Zeus. She married Epimetheus and opened the box that loosed a host of plagues upon humanity.
Saturn XVIII (Pan),"Greek god of pastoralism, he was half goat and half human. Son of Hermes, brother of Daphnis, and a descendant of the Titans. Discovered orbiting in the Encke division in Saturn's A ring."
Saturn XIX (Ymir),Ymir is the primordial Norse giant and the progenitor of the race of frost giants.
Saturn XX (Paaliaq),Named for an Inuit giant.
Saturn XXI (Tarvos),Named for a Gallic giant.
Saturn XXII (Ijiraq),Named for an Inuit giant.
Saturn XXIII (Suttungr),Named for a Norse giant who kindled flames that destroyed the world.
Saturn XXIV (Kiviuq),Named for an Inuit giant.
Saturn XXV (Mundilfari),Named for an Norse giant.
Saturn XXVI (Albiorix),Named for a Gallic giant who was considered to be the king of the world.
Saturn XXVII (Skathi),Named for a Norse giantess.
Saturn XXVIII (Erriapus),Named for a Gallic giant.
Saturn XXIX (Siarnaq),Named for an Inuit giant.
Saturn XXX (Thrymr),Named for a Norse giant.
Saturn XXXI (Narvi),Named for a Norse giant.
Saturn XXXII (Methone),"One of the Alkyonides, the seven beautiful daughters of the Giant Alkyoneos."
Saturn XXXIII (Pallene),"One of the Alkyonides, the seven beautiful daughters of the Giant Alkyoneos."
Saturn XXXIV (Polydeuces),"Twin brother of Castor, son of Zeus and Leda."
Saturn XXXV (Daphnis),"Shepherd, pipes player, and pastoral poet in Greek mythology. Son of Hermes, brother of Pan, and decendant of the Titans. Discovered orbiting in the Keeler gap in Saturn's A ring."
Saturn XXXVI (Aegir),"Norse ocean giant who represents the peaceful sea, a stiller of storms."
Saturn XXXVII (Bebhionn),Beautiful Celtic giantess.
Saturn XXXVIII (Bergelmir),"Norse frost giant, son of Ymir and one of the Hrimthursar, one of only two members of the frost giant race to escape being drowned in Ymir's blood."
Saturn XXXIX (Bestla),"Norse primeval goddess, mother of deities, daughter of the giant Bolthorn."
Saturn XL (Farbauti),"Norse storm giant, father of Loki."
Saturn XLI (Fenrir),"Norse monstrous wolf, son of Loki and the giantess Angurboda, father of Hati and Skoll."
Saturn XLII (Fornjot),"Early Norse storm giant, father of Aegir, Kari, and Loge."
Saturn XLIII (Hati),"Gigantic Norse wolf, twin of Skoll."
Saturn XLIV (Hyrrokkin),Norse giantess who launched Balder's funeral ship. (Spelling changed from Hyrokkin.)
Saturn XLV (Kari),Norse wind giant.
Saturn XLVI (Loge),"Norse fire giant, son of Fornjot."
Saturn XLVII (Skoll),"Gigantic Norse wolf, twin of Hati."
Saturn XLVIII (Surtur),Norse leader of the fire giants.
Saturn XLIX (Anthe),"One of the Alkyonides, the seven beautiful daughters of the Giant Alkyoneos."
Saturn L (Jarnsaxa),Norse giantess and Thor's lover.
Saturn LI (Greip),Norse giantess.
Saturn LII (Tarqeq),Inuit moon spirit.
Saturn LIII (Aegaeon),"Greek hundred-armed giant, called Briareus by the gods."
Uranus,
Uranus I (Ariel),"Named by John Herschel for a sylph in Pope's ""Rape of the Lock."""
Uranus II (Umbriel),"Umbriel was named by John Herschel for a malevolent spirit in Pope's ""Rape of the Lock."""
Uranus III (Titania),"Named by Herschel's son John in early 19th century for the queen of the fairies in Shakespeare's ""A Midsummer Night's Dream."""
Uranus IV (Oberon),"Named by Herschel's son John in early 19th century for the king of the fairies in Shakespeare's ""A Midsummer Night's Dream."""
Uranus V (Miranda),"Named by Kuiper for the heroine of Shakespeare's ""The Tempest."""
Uranus VI (Cordelia),"Daughter of Lear in Shakespeare's ""King Lear."""
Uranus VII (Ophelia),"Daughter of Polonius, fiance of Hamlet in Shakespeare's ""Hamlet, Prince of Denmark."""
Uranus VIII (Bianca),"Daughter of Baptista, sister of Kate, in Shakespeare's ""Taming of the Shrew."""
Uranus IX (Cressida),"Title character in Shakespeare's ""Troilus and Cressida."""
Uranus X (Desdemona),"Wife of Othello in Shakespeare's ""Othello, the Moor of Venice."""
Uranus XI (Juliet),"Heroine of Shakespeare's ""Romeo and Juliet."""
Uranus XII (Portia),"Wife of Brutus in Shakespeare's ""Julius Caesar."""
Uranus XIII (Rosalind),"Daughter of the banished duke in Shakespeare's ""As You Like It."""
Uranus XIV (Belinda),"Character in Pope's ""Rape of the Lock."""
Uranus XV (Puck),"Mischievous spirit in Shakespeare's ""A Midsummer Night's Dream."""
Uranus XVI (Caliban),"Named for the grotesque, brutish slave in Shakespeare's ""The Tempest."""
Uranus XVII (Sycorax),"Named for Caliban's mother in Shakespeare's ""The Tempest."""
Uranus XVIII (Prospero),"Named for the rightful Duke of Milan in ""The Tempest."""
Uranus XIX (Setebos),"Setebos was a new-world (South American) deity's name that Shakespeare popularized as Sycorax's god in ""The Tempest."""
Uranus XX (Stephano),"Named for a drunken butler in ""The Tempest."""
Uranus XXI (Trinculo),"A jester in Shakespeare's ""The Tempest."""
Uranus XXII (Francisco),"A lord in ""The Tempest."""
Uranus XXIII (Margaret),"A gentlewoman attending on Hero from ""Much Ado About Nothing."""
Uranus XXIV (Ferdinand),"Son of the King of Naples in ""The Tempest."""
Uranus XXV (Perdita),"Daughter of Leontes and Hermione in ""The Winter's Tale."""
Uranus XXVI (Mab),"The fairies' midwife in ""Romeo and Juliet."""
Uranus XXVII (Cupid),"A character in ""Timon of Athens."""
Neptune,
Neptune I (Triton),Triton is named for the sea-god son of Poseidon (Neptune) and Amphitrite. The first suggestion of the name Triton has been attributed to the French astronomer Camille Flammarion.
Neptune II (Nereid),The Nereids were the fifty daughters of the sea god Nereus and Doris and were attendants of Poseidon (Neptune).
Neptune III (Naiad),"The name of a group of Greek water nymphs who were guardians of lakes, fountains, springs, and rivers."
Neptune IV (Thalassa),Greek sea goddess. Mother of Aphrodite in some legends; others say she bore the Telchines.
Neptune V (Despina),Daughter of Poseidon (Neptune) and Demeter.
Neptune VI (Galatea),"One of the Nereids, attendants of Poseidon."
Neptune VII (Larissa),"A lover of Poseidon. After the discovery by Voyager, it was established that an occultation of a star by this satellite had been fortuitously observed in 1981 by H. Reitsema, W. Hubbard, L. Lebofsky, and D. J. Tholen."
Neptune VIII (Proteus),"Greek sea god, son of Oceanus and Tethys."
Neptune IX (Halimede),"One of the Nereids, the fifty daughters of Nereus and Doris."
Neptune X (Psamathe),"One of the Nereids, lover of Aeacus and mother of Phocus."
Neptune XI (Sao),"One of the Nereids, the fifty daughters of Nereus and Doris."
Neptune XII (Laomedeia),"One of the Nereids, the fifty daughters of Nereus and Doris."
Neptune XIII (Neso),"One of the Nereids, the fifty daughters of Nereus and Doris."
Neptune XIV (Hippocamp),"Mythical seahorse in Greek mythology, a symbol of Poseidon."
(1) Ceres,Roman goddess of corn and harvests.
(134340) Pluto,"Pluto was discovered at Lowell Observatory in Flagstaff, AZ during a systematic search for a trans-Neptune planet predicted by Percival Lowell and William H. Pickering. Named after the Roman god of the underworld who was able to render himself invisible."
(134340) Pluto I (Charon),Named after the Greek mythological boatman who ferried souls across the river Styx to Pluto for judgement.
(134340) Pluto II (Nix),"Goddess of darkness and night, mother of Charon. (Nix is the Egyptian spelling of the Greek name Nyx.)"
(134340) Pluto III (Hydra),"In Greek mythology, terrifying monster with the body of a serpent and nine heads that guarded the underworld."
(134340) Pluto IV (Kerberos),"In Greek mythology, the many-headed dog that guarded the
entrance to the underworld."
(134340) Pluto V (Styx),Greek goddess who ruled over the underworld river also named Styx.
(136108) Haumea,Hawaiian goddess of childbirth and fertility.
(136108) Haumea I (Hi'iaka),"Daughter of Haumea, patron goddess of the island of Hawaii and of hula dancers."
(136108) Haumea II (Namaka),"Daughter of Haumea, water spirit in Hawaiian mythology."
(136199) Eris,Greek goddess of discord and strife.
(136199) Eris I (Dysnomia),"Eris' daughter, spirit of lawlessness."
(136472) Makemake,Polynesian (Rapa Nui/Easter Island) creator god.
